{"OguzhanUmutlu\\ComplexPets\\libs\\dktapps\\pmforms":{"name":"pmforms","version":"1.0.0","antigen":"dktapps\\pmforms","api":"3.4.0","authors":["dktapps"],"description":"API allowing to manipulate the JSON forms implemented in MCPE 1.2","build":{"builder":"PoggitCI\/1.0-beta\/beta poggit-virion\/1.0","builderName":"poggit","buildTime":"2020-08-10T18:34:26+00:00","poggitBuildId":86018,"buildClass":"Dev","projectId":4369,"projectBuildNumber":5,"fromCommit":"eab8ac0adec2e2b094d141a9b711200183bbf268","poggitResourceId":99600}},"OguzhanUmutlu\\ComplexPets\\libs\\muqsit\\invmenu":{"name":"InvMenu","antigen":"muqsit\\invmenu","api":"3.11.2","version":"4.1.1","author":"Muqsit","build":{"builder":"PoggitCI\/1.0-beta\/beta poggit-virion\/1.0","builderName":"poggit","buildTime":"2021-07-06T06:27:03+00:00","poggitBuildId":105482,"buildClass":"Dev","projectId":1882,"projectBuildNumber":153,"fromCommit":"a3b121f31e2816639174da8f1c10a0a0e58643b5","poggitResourceId":131080}}}