{"BlockHorizons\\BlockPets\\libs\\spoondetector":{"name":"SpoonDetector","version":"0.0.1","antigen":"spoondetector","php":[7,7.2],"author":"Falk","build":{"builder":"PoggitCI\/1.0-beta\/beta poggit-virion\/1.0","builderName":"poggit","buildTime":"2018-02-06T22:29:08+00:00","poggitBuildId":35676,"buildClass":"Dev","projectId":443,"projectBuildNumber":10,"fromCommit":"ff5c1998dc891c0c1ba14dd2d5932cf4b442c956"}},"BlockHorizons\\BlockPets\\libs\\poggit\\libasynql":{"name":"libasynql","authors":["SOFe"],"antigen":"poggit\\libasynql","version":"3.3.2","api":["3.0.0"],"build":{"builder":"PoggitCI\/1.0-beta\/beta poggit-virion\/1.0","builderName":"poggit","buildTime":"2021-08-14T11:48:52+00:00","poggitBuildId":109013,"buildClass":"Dev","projectId":287,"projectBuildNumber":146,"fromCommit":"307c779746e347724e9477b386d92859d1e36bcc","poggitResourceId":137205}},"BlockHorizons\\BlockPets\\libs\\muqsit\\invmenu":{"name":"InvMenu","antigen":"muqsit\\invmenu","api":"3.11.2","version":"4.1.1","author":"Muqsit","build":{"builder":"PoggitCI\/1.0-beta\/beta poggit-virion\/1.0","builderName":"poggit","buildTime":"2021-07-06T06:27:03+00:00","poggitBuildId":105482,"buildClass":"Dev","projectId":1882,"projectBuildNumber":153,"fromCommit":"a3b121f31e2816639174da8f1c10a0a0e58643b5","poggitResourceId":131080}}}