{"shock95x\\auctionhouse\\libs\\poggit\\libasynql":{"name":"libasynql","authors":["SOFe"],"antigen":"poggit\\libasynql","version":"3.3.1","api":["3.0.0"],"build":{"builder":"PoggitCI\/1.0-beta\/beta poggit-virion\/1.0","builderName":"poggit","buildTime":"2020-06-28T10:27:09+00:00","poggitBuildId":82389,"buildClass":"Dev","projectId":287,"projectBuildNumber":131,"fromCommit":"5d6d12775a8bc250e04f1a128b5490c654b387cb","poggitResourceId":94183}},"shock95x\\auctionhouse\\libs\\muqsit\\invmenu":{"name":"InvMenu","antigen":"muqsit\\invmenu","api":"3.11.2","version":"3.1.1","author":"Muqsit","build":{"builder":"PoggitCI\/1.0-beta\/beta poggit-virion\/1.0","builderName":"poggit","buildTime":"2020-07-05T15:18:27+00:00","poggitBuildId":82978,"buildClass":"Dev","projectId":1882,"projectBuildNumber":105,"fromCommit":"85d29402d0772b90808b1dc1ef58239f327aff61","poggitResourceId":94959}},"shock95x\\auctionhouse\\libs\\SOFe\\AwaitGenerator":{"name":"await-generator","version":"2.4.0","php":7.2,"author":"SOFe","antigen":"SOFe\\AwaitGenerator","description":"Use async\/await in PHP using generators","build":{"builder":"PoggitCI\/1.0-beta\/beta poggit-virion\/1.0","builderName":"poggit","buildTime":"2020-05-17T11:18:07+00:00","poggitBuildId":78400,"buildClass":"Dev","projectId":3121,"projectBuildNumber":37,"fromCommit":"af7ba5ddb8486fef00dc40be50c5560b3de3decf","poggitResourceId":87150}},"shock95x\\auctionhouse\\libs\\JackMD\\UpdateNotifier":{"name":"UpdateNotifier","version":"1.1.0","api":["3.0.0"],"antigen":"JackMD\\UpdateNotifier","authors":["JackMD","Sandertv"],"php":[7.2],"build":{"builder":"PoggitCI\/1.0-beta\/beta poggit-virion\/1.0","builderName":"poggit","buildTime":"2020-05-01T16:07:53+00:00","poggitBuildId":76721,"buildClass":"Dev","projectId":4427,"projectBuildNumber":5,"fromCommit":"5b68c9ce84b40bb0c2ce85fbe9870a007aa4c1ac","poggitResourceId":84713}}}