{"categories":{"1":{"name":"Break x5 block of Cobblestone","type":"breakblock","id":4,"meta":0,"count":5},"2":{"name":"Break x10 block of Cobblestone","type":"breakblock","id":4,"meta":0,"count":10},"3":{"name":"Place x5 block of Cobblestone","type":"placeblock","id":4,"meta":0,"count":5},"4":{"name":"Place x10 block of Cobblestone","type":"placeblock","id":4,"meta":0,"count":10},"5":{"name":"Place x15 block of Cobblestone","type":"placeblock","id":4,"meta":0,"count":15},"6":{"name":"Break x15 block of Cobblestone","type":"breakblock","id":4,"meta":0,"count":15}}}